train_loss,epoch,step
5.575616836547852,0,49
4.712601184844971,1,99
