epoch,step,train_loss
0,99,-1.968916416168213
1,199,-2.3639447689056396
